Dist, px;Temp, gray values;;;;;;GV;Temp
0,00;52,75;40,11;;;;;126,00;80,00
1,00;52,50;39,98;;;;;25,00;25,00
2,00;52,85;40,17;;;;;;
3,00;53,00;40,25;;;;k;0,54;
4,00;53,00;40,25;;;;b;11,39;
5,00;53,31;40,42;;;;;;
6,00;53,80;40,68;;;;;80,00;
7,00;54,00;40,79;;;;;;
8,00;54,00;40,79;;;;;;
9,00;54,50;41,06;;;;;;
10,00;55,00;41,34;;;;;;
11,00;55,00;41,34;;;;;;
12,00;55,50;41,61;;;;;;
13,00;56,21;41,99;;;;;;
14,00;56,69;42,26;;;;;;
15,00;57,00;42,43;;;;;;
16,00;57,50;42,70;;;;;;
17,00;58,00;42,97;;;;;;
18,00;58,49;43,24;;;;;;
19,00;59,00;43,51;;;;;;
20,00;59,38;43,72;;;;;;
21,00;59,89;44,00;;;;;;
22,00;60,49;44,33;;;;;;
23,00;61,00;44,60;;;;;;
24,00;61,00;44,60;;;;;;
25,00;61,49;44,87;;;;;;
26,00;62,45;45,39;;;;;;
27,00;62,95;45,66;;;;;;
28,00;63,46;45,94;;;;;;
29,00;64,00;46,24;;;;;;
30,00;64,49;46,50;;;;;;
31,00;65,00;46,78;;;;;;
32,00;65,00;46,78;;;;;;
33,00;65,93;47,29;;;;;;
34,00;66,87;47,80;;;;;;
35,00;66,85;47,79;;;;;;
36,00;66,91;47,82;;;;;;
37,00;67,00;47,87;;;;;;
38,00;67,38;48,08;;;;;;
39,00;67,75;48,28;;;;;;
40,00;67,72;48,26;;;;;;
41,00;67,99;48,41;;;;;;
42,00;68,66;48,77;;;;;;
43,00;69,17;49,06;;;;;;
44,00;69,38;49,17;;;;;;
45,00;69,90;49,45;;;;;;
46,00;70,44;49,74;;;;;;
47,00;70,95;50,02;;;;;;
48,00;71,49;50,31;;;;;;
49,00;71,75;50,46;;;;;;
50,00;72,26;50,74;;;;;;
51,00;72,78;51,02;;;;;;
52,00;73,29;51,29;;;;;;
53,00;73,80;51,57;;;;;;
54,00;74,31;51,85;;;;;;
55,00;74,83;52,13;;;;;;
56,00;75,00;52,23;;;;;;
57,00;75,48;52,49;;;;;;
58,00;76,00;52,77;;;;;;
59,00;76,37;52,97;;;;;;
60,00;76,80;53,21;;;;;;
61,00;76,91;53,27;;;;;;
62,00;77,00;53,32;;;;;;
63,00;77,42;53,55;;;;;;
64,00;77,90;53,81;;;;;;
65,00;77,93;53,82;;;;;;
66,00;78,43;54,10;;;;;;
67,00;78,99;54,40;;;;;;
68,00;79,00;54,40;;;;;;
69,00;78,97;54,39;;;;;;
70,00;78,95;54,38;;;;;;
71,00;78,92;54,36;;;;;;
72,00;79,37;54,61;;;;;;
73,00;80,34;55,14;;;;;;
74,00;80,84;55,41;;;;;;
75,00;80,82;55,40;;;;;;
76,00;80,89;55,44;;;;;;
77,00;81,36;55,69;;;;;;
78,00;81,86;55,97;;;;;;
79,00;82,00;56,04;;;;;;
80,00;82,33;56,22;;;;;;
81,00;83,14;56,66;;;;;;
82,00;83,81;57,02;;;;;;
83,00;84,00;57,13;;;;;;
84,00;84,00;57,13;;;;;;
85,00;84,47;57,39;;;;;;
86,00;85,00;57,67;;;;;;
87,00;85,23;57,80;;;;;;
88,00;85,52;57,96;;;;;;
89,00;85,29;57,83;;;;;;
90,00;85,00;57,67;;;;;;
91,00;85,28;57,83;;;;;;
92,00;85,62;58,01;;;;;;
93,00;86,12;58,28;;;;;;
94,00;86,67;58,58;;;;;;
95,00;87,03;58,78;;;;;;
96,00;87,58;59,08;;;;;;
97,00;87,28;58,92;;;;;;
98,00;86,78;58,64;;;;;;
99,00;86,80;58,65;;;;;;
100,00;86,83;58,67;;;;;;
101,00;87,32;58,94;;;;;;
102,00;87,88;59,24;;;;;;
103,00;87,91;59,26;;;;;;
104,00;87,93;59,27;;;;;;
105,00;89,29;60,01;;;;;;
106,00;90,94;60,91;;;;;;
107,00;90,98;60,93;;;;;;
108,00;90,92;60,89;;;;;;
109,00;90,88;60,88;;;;;;
110,00;90,83;60,85;;;;;;
111,00;91,24;61,07;;;;;;
112,00;91,73;61,34;;;;;;
113,00;91,21;61,06;;;;;;
114,00;90,62;60,74;;;;;;
115,00;90,67;60,76;;;;;;
116,00;91,11;61,00;;;;;;
117,00;91,47;61,20;;;;;;
118,00;91,42;61,17;;;;;;
119,00;91,51;61,22;;;;;;
120,00;91,66;61,30;;;;;;
121,00;92,38;61,69;;;;;;
122,00;93,21;62,14;;;;;;
123,00;93,16;62,12;;;;;;
124,00;92,65;61,84;;;;;;
125,00;92,06;61,52;;;;;;
126,00;92,01;61,49;;;;;;
127,00;91,95;61,46;;;;;;
128,00;91,70;61,32;;;;;;
129,00;91,43;61,17;;;;;;
130,00;91,40;61,16;;;;;;
131,00;91,37;61,14;;;;;;
132,00;91,65;61,29;;;;;;
133,00;92,15;61,57;;;;;;
134,00;92,30;61,65;;;;;;
135,00;92,60;61,81;;;;;;
136,00;93,00;62,03;;;;;;
137,00;92,65;61,84;;;;;;
138,00;92,19;61,59;;;;;;
139,00;92,17;61,58;;;;;;
140,00;92,53;61,77;;;;;;
141,00;93,00;62,03;;;;;;
142,00;93,00;62,03;;;;;;
143,00;93,03;62,05;;;;;;
144,00;93,47;62,29;;;;;;
145,00;93,55;62,33;;;;;;
146,00;92,97;62,02;;;;;;
147,00;93,37;62,23;;;;;;
148,00;93,87;62,50;;;;;;
149,00;93,82;62,48;;;;;;
150,00;94,22;62,69;;;;;;
151,00;94,72;62,96;;;;;;
152,00;94,66;62,94;;;;;;
153,00;95,06;63,15;;;;;;
154,00;95,21;63,23;;;;;;
155,00;94,65;62,93;;;;;;
156,00;94,46;62,82;;;;;;
157,00;94,41;62,80;;;;;;
158,00;94,36;62,77;;;;;;
159,00;94,46;62,82;;;;;;
160,00;94,91;63,07;;;;;;
161,00;95,83;63,57;;;;;;
162,00;96,58;63,98;;;;;;
163,00;96,79;64,10;;;;;;
164,00;97,05;64,23;;;;;;
165,00;97,22;64,33;;;;;;
166,00;97,47;64,46;;;;;;
167,00;97,64;64,56;;;;;;
168,00;97,84;64,67;;;;;;
169,00;97,88;64,69;;;;;;
170,00;98,00;64,75;;;;;;
171,00;98,00;64,75;;;;;;
172,00;98,44;64,99;;;;;;
173,00;99,00;65,30;;;;;;
174,00;99,00;65,30;;;;;;
175,00;99,44;65,54;;;;;;
176,00;100,00;65,84;;;;;;
177,00;99,64;65,65;;;;;;
178,00;98,72;65,15;;;;;;
179,00;98,14;64,83;;;;;;
180,00;98,11;64,81;;;;;;
181,00;98,09;64,80;;;;;;
182,00;97,62;64,55;;;;;;
183,00;97,03;64,23;;;;;;
184,00;97,01;64,21;;;;;;
185,00;97,82;64,65;;;;;;
186,00;98,78;65,18;;;;;;
187,00;98,68;65,12;;;;;;
188,00;98,62;65,09;;;;;;
189,00;98,51;65,03;;;;;;
190,00;98,41;64,98;;;;;;
191,00;98,38;64,96;;;;;;
192,00;98,40;64,97;;;;;;
193,00;97,89;64,69;;;;;;
194,00;97,25;64,34;;;;;;
195,00;97,17;64,30;;;;;;
196,00;97,53;64,50;;;;;;
197,00;98,02;64,76;;;;;;
198,00;97,94;64,72;;;;;;
199,00;98,13;64,82;;;;;;
200,00;98,38;64,96;;;;;;
201,00;98,28;64,90;;;;;;
202,00;98,17;64,85;;;;;;
203,00;98,28;64,90;;;;;;
204,00;98,48;65,01;;;;;;
205,00;98,40;64,97;;;;;;
206,00;98,32;64,93;;;;;;
207,00;98,68;65,12;;;;;;
208,00;99,17;65,39;;;;;;
209,00;99,09;65,35;;;;;;
210,00;99,01;65,30;;;;;;
211,00;99,23;65,42;;;;;;
212,00;99,88;65,78;;;;;;
213,00;100,26;65,98;;;;;;
214,00;100,56;66,15;;;;;;
215,00;101,34;66,57;;;;;;
216,00;101,82;66,83;;;;;;
217,00;101,98;66,92;;;;;;
218,00;102,13;67,00;;;;;;
219,00;102,11;66,99;;;;;;
220,00;102,05;66,96;;;;;;
221,00;102,40;67,15;;;;;;
222,00;102,97;67,46;;;;;;
223,00;103,00;67,47;;;;;;
224,00;102,93;67,44;;;;;;
225,00;102,45;67,17;;;;;;
226,00;101,88;66,87;;;;;;
227,00;101,90;66,88;;;;;;
228,00;101,87;66,86;;;;;;
229,00;102,21;67,04;;;;;;
230,00;102,72;67,32;;;;;;
231,00;102,80;67,36;;;;;;
232,00;102,77;67,35;;;;;;
233,00;102,32;67,11;;;;;;
234,00;101,72;66,78;;;;;;
235,00;101,69;66,76;;;;;;
236,00;101,67;66,75;;;;;;
237,00;101,64;66,74;;;;;;
238,00;101,62;66,72;;;;;;
239,00;101,59;66,71;;;;;;
240,00;101,56;66,69;;;;;;
241,00;101,31;66,56;;;;;;
242,00;101,00;66,39;;;;;;
243,00;101,00;66,39;;;;;;
244,00;100,81;66,28;;;;;;
245,00;100,33;66,02;;;;;;
246,00;100,00;65,84;;;;;;
247,00;99,84;65,75;;;;;;
248,00;99,64;65,65;;;;;;
249,00;99,81;65,74;;;;;;
250,00;99,71;65,68;;;;;;
251,00;99,28;65,45;;;;;;
252,00;99,26;65,44;;;;;;
253,00;99,65;65,65;;;;;;
254,00;99,79;65,73;;;;;;
255,00;98,76;65,17;;;;;;
256,00;97,79;64,64;;;;;;
257,00;97,09;64,25;;;;;;
258,00;96,61;63,99;;;;;;
259,00;95,57;63,43;;;;;;
260,00;94,27;62,72;;;;;;
261,00;94,62;62,91;;;;;;
262,00;95,79;63,55;;;;;;
263,00;96,81;64,10;;;;;;
264,00;97,60;64,53;;;;;;
265,00;97,55;64,51;;;;;;
266,00;97,96;64,73;;;;;;
267,00;99,14;65,37;;;;;;
268,00;99,23;65,42;;;;;;
269,00;98,25;64,89;;;;;;
270,00;98,14;64,83;;;;;;
271,00;98,79;65,18;;;;;;
272,00;99,58;65,61;;;;;;
273,00;100,14;65,92;;;;;;
274,00;99,91;65,79;;;;;;
275,00;98,53;65,04;;;;;;
276,00;99,25;65,43;;;;;;
277,00;99,81;65,74;;;;;;
278,00;99,28;65,45;;;;;;
279,00;99,14;65,37;;;;;;
280,00;98,86;65,22;;;;;;
281,00;99,00;65,29;;;;;;
282,00;97,94;64,72;;;;;;
283,00;97,01;64,21;;;;;;
284,00;96,92;64,17;;;;;;
285,00;97,92;64,71;;;;;;
286,00;96,73;64,06;;;;;;
287,00;96,45;63,91;;;;;;
288,00;96,97;64,19;;;;;;
289,00;97,54;64,50;;;;;;
290,00;97,49;64,47;;;;;;
291,00;97,65;64,56;;;;;;
292,00;97,67;64,57;;;;;;
293,00;97,67;64,57;;;;;;
294,00;96,91;64,16;;;;;;
295,00;97,59;64,53;;;;;;
296,00;97,67;64,57;;;;;;
297,00;97,83;64,66;;;;;;
298,00;97,92;64,71;;;;;;
299,00;97,71;64,60;;;;;;
300,00;97,38;64,41;;;;;;
301,00;96,96;64,19;;;;;;
302,00;96,00;63,66;;;;;;
303,00;96,04;63,69;;;;;;
304,00;96,77;64,08;;;;;;
305,00;97,28;64,36;;;;;;
306,00;98,00;64,75;;;;;;
307,00;96,51;63,94;;;;;;
308,00;95,49;63,39;;;;;;
309,00;94,95;63,09;;;;;;
310,00;95,24;63,25;;;;;;
311,00;96,64;64,01;;;;;;
312,00;97,60;64,53;;;;;;
313,00;99,00;65,30;;;;;;
314,00;99,96;65,82;;;;;;
315,00;99,22;65,42;;;;;;
316,00;99,73;65,69;;;;;;
317,00;100,53;66,13;;;;;;
318,00;100,66;66,20;;;;;;
319,00;101,23;66,51;;;;;;
320,00;100,30;66,00;;;;;;
321,00;98,85;65,21;;;;;;
322,00;97,95;64,73;;;;;;
323,00;98,47;65,01;;;;;;
324,00;97,63;64,55;;;;;;
325,00;97,06;64,24;;;;;;
326,00;96,75;64,07;;;;;;
327,00;97,33;64,39;;;;;;
328,00;97,09;64,26;;;;;;
329,00;96,89;64,15;;;;;;
330,00;96,79;64,09;;;;;;
331,00;97,78;64,63;;;;;;
332,00;98,83;65,21;;;;;;
333,00;99,11;65,36;;;;;;
334,00;98,82;65,20;;;;;;
335,00;98,99;65,29;;;;;;
336,00;98,80;65,19;;;;;;
337,00;99,00;65,30;;;;;;
338,00;99,21;65,41;;;;;;
339,00;99,42;65,53;;;;;;
340,00;99,63;65,64;;;;;;
341,00;99,83;65,75;;;;;;
342,00;100,04;65,86;;;;;;
343,00;101,12;66,45;;;;;;
344,00;101,37;66,59;;;;;;
345,00;101,61;66,72;;;;;;
346,00;101,85;66,85;;;;;;
347,00;101,06;66,42;;;;;;
348,00;101,19;66,49;;;;;;
349,00;101,33;66,57;;;;;;
350,00;101,47;66,64;;;;;;
351,00;101,61;66,72;;;;;;
352,00;101,74;66,79;;;;;;
353,00;101,88;66,87;;;;;;
354,00;102,02;66,94;;;;;;
355,00;102,86;67,40;;;;;;
356,00;102,97;67,46;;;;;;
357,00;103,08;67,52;;;;;;
358,00;102,58;67,25;;;;;;
359,00;102,71;67,32;;;;;;
360,00;102,85;67,39;;;;;;
361,00;102,99;67,47;;;;;;
362,00;103,13;67,54;;;;;;
363,00;103,27;67,62;;;;;;
364,00;103,40;67,70;;;;;;
365,00;103,54;67,77;;;;;;
366,00;103,68;67,85;;;;;;
367,00;103,82;67,92;;;;;;
368,00;103,96;68,00;;;;;;
369,00;104,10;68,07;;;;;;
370,00;104,23;68,15;;;;;;
371,00;104,37;68,22;;;;;;
372,00;105,37;68,77;;;;;;
373,00;105,56;68,87;;;;;;
374,00;105,73;68,96;;;;;;
375,00;105,91;69,06;;;;;;
376,00;106,02;69,12;;;;;;
377,00;106,10;69,16;;;;;;
378,00;106,17;69,20;;;;;;
379,00;106,24;69,24;;;;;;
380,00;106,31;69,28;;;;;;
381,00;106,38;69,31;;;;;;
382,00;106,45;69,35;;;;;;
383,00;106,52;69,39;;;;;;
384,00;106,59;69,43;;;;;;
385,00;106,65;69,47;;;;;;
386,00;106,72;69,50;;;;;;
387,00;106,20;69,22;;;;;;
388,00;106,29;69,27;;;;;;
389,00;106,40;69,32;;;;;;
390,00;106,50;69,38;;;;;;
391,00;106,60;69,44;;;;;;
392,00;106,71;69,49;;;;;;
393,00;106,81;69,55;;;;;;
394,00;106,91;69,61;;;;;;
395,00;106,70;69,49;;;;;;
396,00;106,83;69,56;;;;;;
397,00;106,97;69,64;;;;;;
398,00;107,11;69,71;;;;;;
399,00;107,24;69,79;;;;;;
400,00;107,38;69,86;;;;;;
401,00;107,52;69,94;;;;;;
402,00;107,66;70,01;;;;;;
403,00;107,80;70,09;;;;;;
404,00;107,94;70,16;;;;;;
405,00;108,04;70,22;;;;;;
406,00;108,11;70,26;;;;;;
407,00;108,18;70,29;;;;;;
408,00;108,24;70,33;;;;;;
409,00;108,31;70,37;;;;;;
410,00;108,38;70,41;;;;;;
411,00;107,71;70,04;;;;;;
412,00;107,78;70,08;;;;;;
413,00;107,89;70,14;;;;;;
414,00;107,99;70,19;;;;;;
415,00;108,09;70,25;;;;;;
416,00;108,58;70,51;;;;;;
417,00;108,73;70,60;;;;;;
418,00;108,87;70,67;;;;;;
419,00;108,06;70,23;;;;;;
420,00;108,15;70,28;;;;;;
421,00;108,29;70,35;;;;;;
422,00;108,80;70,63;;;;;;
423,00;109,53;71,03;;;;;;
424,00;109,70;71,12;;;;;;
425,00;109,84;71,20;;;;;;
426,00;109,98;71,28;;;;;;
427,00;110,12;71,35;;;;;;
428,00;110,26;71,43;;;;;;
429,00;110,39;71,50;;;;;;
430,00;109,58;71,06;;;;;;
431,00;109,67;71,11;;;;;;
432,00;109,81;71,18;;;;;;
433,00;109,95;71,26;;;;;;
434,00;110,02;71,30;;;;;;
435,00;110,06;71,32;;;;;;
436,00;110,09;71,34;;;;;;
437,00;109,30;70,91;;;;;;
438,00;109,32;70,92;;;;;;
439,00;109,39;70,95;;;;;;
440,00;108,52;70,48;;;;;;
441,00;108,53;70,48;;;;;;
442,00;108,60;70,52;;;;;;
443,00;110,55;71,58;;;;;;
444,00;110,39;71,50;;;;;;
445,00;110,40;71,51;;;;;;
446,00;110,44;71,52;;;;;;
447,00;109,97;71,27;;;;;;
448,00;110,01;71,29;;;;;;
449,00;109,57;71,06;;;;;;
450,00;109,57;71,06;;;;;;
451,00;109,81;71,19;;;;;;
452,00;109,93;71,25;;;;;;
453,00;110,03;71,31;;;;;;
454,00;111,07;71,87;;;;;;
455,00;111,24;71,96;;;;;;
456,00;111,35;72,02;;;;;;
457,00;111,45;72,08;;;;;;
458,00;112,35;72,56;;;;;;
459,00;110,79;71,72;;;;;;
460,00;110,76;71,70;;;;;;
461,00;110,86;71,76;;;;;;
462,00;110,97;71,81;;;;;;
463,00;111,93;72,34;;;;;;
464,00;112,00;72,38;;;;;;
465,00;112,09;72,42;;;;;;
466,00;112,13;72,45;;;;;;
467,00;111,24;71,96;;;;;;
468,00;111,20;71,94;;;;;;
469,00;111,23;71,96;;;;;;
470,00;111,27;71,98;;;;;;
471,00;111,30;72,00;;;;;;
472,00;111,34;72,01;;;;;;
473,00;111,37;72,03;;;;;;
474,00;111,40;72,05;;;;;;
475,00;113,28;73,07;;;;;;
476,00;112,99;72,91;;;;;;
477,00;112,55;72,68;;;;;;
478,00;112,54;72,67;;;;;;
479,00;112,58;72,69;;;;;;
480,00;112,26;72,52;;;;;;
481,00;111,70;72,21;;;;;;
482,00;111,68;72,20;;;;;;
483,00;113,29;73,08;;;;;;
484,00;113,50;73,19;;;;;;
485,00;113,37;73,12;;;;;;
486,00;113,46;73,17;;;;;;
487,00;112,78;72,80;;;;;;
488,00;112,78;72,80;;;;;;
489,00;112,78;72,80;;;;;;
490,00;112,87;72,85;;;;;;
491,00;112,07;72,42;;;;;;
492,00;112,00;72,38;;;;;;
493,00;112,91;72,87;;;;;;
494,00;113,00;72,92;;;;;;
495,00;113,00;72,92;;;;;;
496,00;113,00;72,92;;;;;;
497,00;112,27;72,52;;;;;;
498,00;112,23;72,50;;;;;;
499,00;113,84;73,38;;;;;;
500,00;114,28;73,62;;;;;;
501,00;114,34;73,65;;;;;;
502,00;114,37;73,67;;;;;;
503,00;114,78;73,89;;;;;;
504,00;115,28;74,16;;;;;;
505,00;115,43;74,24;;;;;;
506,00;115,53;74,30;;;;;;
507,00;116,05;74,58;;;;;;
508,00;116,16;74,64;;;;;;
509,00;116,23;74,68;;;;;;
510,00;115,98;74,54;;;;;;
511,00;116,05;74,58;;;;;;
512,00;115,51;74,29;;;;;;
513,00;115,51;74,28;;;;;;
514,00;115,57;74,32;;;;;;
515,00;117,28;75,25;;;;;;
516,00;116,80;74,99;;;;;;
517,00;116,68;74,93;;;;;;
518,00;116,78;74,98;;;;;;
519,00;116,02;74,57;;;;;;
520,00;115,99;74,55;;;;;;
521,00;115,05;74,04;;;;;;
522,00;114,87;73,94;;;;;;
523,00;115,70;74,39;;;;;;
524,00;115,85;74,47;;;;;;
525,00;116,72;74,95;;;;;;
526,00;116,80;74,99;;;;;;
527,00;115,87;74,49;;;;;;
528,00;115,08;74,05;;;;;;
529,00;115,00;74,01;;;;;;
530,00;115,30;74,17;;;;;;
531,00;114,49;73,73;;;;;;
532,00;113,89;73,40;;;;;;
533,00;113,89;73,40;;;;;;
534,00;113,96;73,44;;;;;;
535,00;112,96;72,90;;;;;;
536,00;111,81;72,27;;;;;;
537,00;110,67;71,65;;;;;;
538,00;109,97;71,27;;;;;;
539,00;108,98;70,73;;;;;;
540,00;108,39;70,41;;;;;;
541,00;106,84;69,57;;;;;;
542,00;106,67;69,47;;;;;;
543,00;107,12;69,72;;;;;;
544,00;107,36;69,85;;;;;;
545,00;107,64;70,00;;;;;;
546,00;106,93;69,61;;;;;;
547,00;107,81;70,10;;;;;;
548,00;108,60;70,53;;;;;;
549,00;109,84;71,20;;;;;;
550,00;110,19;71,39;;;;;;
551,00;110,36;71,48;;;;;;
552,00;109,45;70,98;;;;;;
553,00;109,68;71,11;;;;;;
554,00;109,62;71,08;;;;;;
555,00;109,68;71,11;;;;;;
556,00;110,78;71,71;;;;;;
557,00;111,09;71,88;;;;;;
558,00;111,40;72,05;;;;;;
559,00;111,22;71,95;;;;;;
560,00;111,82;72,28;;;;;;
561,00;111,63;72,18;;;;;;
562,00;111,76;72,25;;;;;;
563,00;111,04;71,85;;;;;;
564,00;112,00;72,38;;;;;;
565,00;112,08;72,42;;;;;;
566,00;114,08;73,51;;;;;;
567,00;115,96;74,53;;;;;;
568,00;115,00;74,01;;;;;;
569,00;115,00;74,01;;;;;;
570,00;115,04;74,03;;;;;;
571,00;116,00;74,55;;;;;;
572,00;116,05;74,58;;;;;;
573,00;116,14;74,63;;;;;;
574,00;116,23;74,68;;;;;;
575,00;116,31;74,72;;;;;;
576,00;116,21;74,67;;;;;;
577,00;115,50;74,28;;;;;;
578,00;115,37;74,21;;;;;;
579,00;116,05;74,58;;;;;;
580,00;117,09;75,15;;;;;;
581,00;116,45;74,80;;;;;;
582,00;113,83;73,37;;;;;;
583,00;113,11;72,98;;;;;;
584,00;113,53;73,21;;;;;;
585,00;114,48;73,73;;;;;;
586,00;113,48;73,18;;;;;;
587,00;112,11;72,43;;;;;;
588,00;111,11;71,89;;;;;;
589,00;111,11;71,89;;;;;;
590,00;111,15;71,91;;;;;;
591,00;109,23;70,87;;;;;;
592,00;109,01;70,75;;;;;;
593,00;110,35;71,48;;;;;;
594,00;111,59;72,15;;;;;;
595,00;111,55;72,13;;;;;;
596,00;113,72;73,31;;;;;;
597,00;114,97;73,99;;;;;;
598,00;115,78;74,43;;;;;;
599,00;115,31;74,18;;;;;;
600,00;115,79;74,44;;;;;;
601,00;116,12;74,62;;;;;;
602,00;116,17;74,64;;;;;;
603,00;116,02;74,57;;;;;;
604,00;116,38;74,76;;;;;;
605,00;117,20;75,21;;;;;;
606,00;118,86;76,11;;;;;;
607,00;118,98;76,18;;;;;;
608,00;118,52;75,93;;;;;;
609,00;117,99;75,64;;;;;;
610,00;117,83;75,55;;;;;;
611,00;119,00;76,19;;;;;;
612,00;113,87;73,39;;;;;;
613,00;123,73;78,76;;;;;;
614,00;115,07;74,05;;;;;;
615,00;115,36;74,20;;;;;;
616,00;112,66;72,74;;;;;;
617,00;59,01;43,52;;;;;;
618,00;102,89;67,42;;;;;;
619,00;241,19;142,73;;;;;;
620,00;155,53;96,08;;;;;;
621,00;56,39;42,09;;;;;;
622,00;115,86;74,48;;;;;;
623,00;108,69;70,57;;;;;;
624,00;123,45;78,61;;;;;;
625,00;107,86;70,12;;;;;;
626,00;113,31;73,09;;;;;;
627,00;119,20;76,29;;;;;;
628,00;113,51;73,20;;;;;;
629,00;113,80;73,35;;;;;;
630,00;113,73;73,32;;;;;;
631,00;114,22;73,58;;;;;;
632,00;114,13;73,54;;;;;;
633,00;114,53;73,75;;;;;;
634,00;114,46;73,72;;;;;;
635,00;114,86;73,93;;;;;;
636,00;113,44;73,16;;;;;;
637,00;114,20;73,58;;;;;;
638,00;115,38;74,22;;;;;;
639,00;113,89;73,41;;;;;;
640,00;111,21;71,94;;;;;;
641,00;114,95;73,98;;;;;;
642,00;118,21;75,76;;;;;;
643,00;116,01;74,56;;;;;;
644,00;97,14;64,28;;;;;;
645,00;88,76;59,72;;;;;;
646,00;196,82;118,56;;;;;;
647,00;202,81;121,82;;;;;;
648,00;46,00;36,44;;;;;;
649,00;90,17;60,49;;;;;;
650,00;112,70;72,75;;;;;;
651,00;116,42;74,78;;;;;;
652,00;116,18;74,65;;;;;;
653,00;116,13;74,62;;;;;;
654,00;116,09;74,60;;;;;;
655,00;116,02;74,57;;;;;;
656,00;115,99;74,55;;;;;;
657,00;114,91;73,96;;;;;;
658,00;114,81;73,91;;;;;;
659,00;114,72;73,86;;;;;;
660,00;114,73;73,86;;;;;;
661,00;114,66;73,82;;;;;;
662,00;115,45;74,25;;;;;;
663,00;115,37;74,21;;;;;;
664,00;115,28;74,16;;;;;;
665,00;115,39;74,22;;;;;;
666,00;116,09;74,60;;;;;;
667,00;116,01;74,56;;;;;;
668,00;115,20;74,12;;;;;;
669,00;115,13;74,08;;;;;;
670,00;115,06;74,04;;;;;;
671,00;114,99;74,01;;;;;;
672,00;114,92;73,97;;;;;;
673,00;114,86;73,93;;;;;;
674,00;114,79;73,90;;;;;;
675,00;114,72;73,86;;;;;;
676,00;115,10;74,06;;;;;;
677,00;115,06;74,04;;;;;;
678,00;114,53;73,76;;;;;;
679,00;114,46;73,71;;;;;;
680,00;113,93;73,43;;;;;;
681,00;113,88;73,40;;;;;;
682,00;113,27;73,07;;;;;;
683,00;113,19;73,02;;;;;;
684,00;112,76;72,79;;;;;;
685,00;112,70;72,76;;;;;;
686,00;112,66;72,74;;;;;;
687,00;111,63;72,18;;;;;;
688,00;111,57;72,14;;;;;;
689,00;111,53;72,12;;;;;;
690,00;111,48;72,09;;;;;;
691,00;111,22;71,95;;;;;;
692,00;110,60;71,61;;;;;;
693,00;110,52;71,57;;;;;;
694,00;110,45;71,53;;;;;;
695,00;110,39;71,50;;;;;;
696,00;110,32;71,46;;;;;;
697,00;110,25;71,43;;;;;;
698,00;110,19;71,39;;;;;;
699,00;110,12;71,35;;;;;;
700,00;110,05;71,32;;;;;;
701,00;109,98;71,28;;;;;;
702,00;109,89;71,23;;;;;;
703,00;109,80;71,18;;;;;;
704,00;109,79;71,17;;;;;;
705,00;109,72;71,13;;;;;;
706,00;109,65;71,10;;;;;;
707,00;110,43;71,52;;;;;;
708,00;109,54;71,04;;;;;;
709,00;109,45;70,99;;;;;;
710,00;109,39;70,95;;;;;;
711,00;109,32;70,92;;;;;;
712,00;108,52;70,48;;;;;;
713,00;108,19;70,30;;;;;;
714,00;108,12;70,26;;;;;;
715,00;108,05;70,23;;;;;;
716,00;107,98;70,19;;;;;;
717,00;107,92;70,15;;;;;;
718,00;107,85;70,12;;;;;;
719,00;107,39;69,87;;;;;;
720,00;106,73;69,51;;;;;;
721,00;106,65;69,46;;;;;;
722,00;106,58;69,43;;;;;;
723,00;106,04;69,13;;;;;;
724,00;105,46;68,82;;;;;;
725,00;105,38;68,77;;;;;;
726,00;105,32;68,74;;;;;;
727,00;104,85;68,48;;;;;;
728,00;104,20;68,13;;;;;;
729,00;104,12;68,08;;;;;;
730,00;104,05;68,05;;;;;;
731,00;103,67;67,84;;;;;;
732,00;104,58;68,34;;;;;;
733,00;104,57;68,33;;;;;;
734,00;104,52;68,30;;;;;;
735,00;104,48;68,28;;;;;;
736,00;104,43;68,26;;;;;;
737,00;104,39;68,23;;;;;;
738,00;104,34;68,21;;;;;;
739,00;104,30;68,18;;;;;;
740,00;104,13;68,09;;;;;;
741,00;104,11;68,08;;;;;;
742,00;104,16;68,11;;;;;;
743,00;105,03;68,58;;;;;;
744,00;105,04;68,59;;;;;;
745,00;105,97;69,09;;;;;;
746,00;105,97;69,09;;;;;;
747,00;105,91;69,06;;;;;;
748,00;104,88;68,50;;;;;;
749,00;104,85;68,48;;;;;;
750,00;104,81;68,46;;;;;;
751,00;105,62;68,90;;;;;;
752,00;105,71;68,95;;;;;;
753,00;105,68;68,93;;;;;;
754,00;105,81;69,00;;;;;;
755,00;106,56;69,41;;;;;;
756,00;107,73;70,05;;;;;;
757,00;107,75;70,06;;;;;;
758,00;107,73;70,05;;;;;;
759,00;107,70;70,04;;;;;;
760,00;107,68;70,02;;;;;;
761,00;107,66;70,01;;;;;;
762,00;107,64;70,00;;;;;;
763,00;107,62;69,99;;;;;;
764,00;107,59;69,98;;;;;;
765,00;107,57;69,96;;;;;;
766,00;107,55;69,95;;;;;;
767,00;107,98;70,19;;;;;;
768,00;108,00;70,20;;;;;;
769,00;108,00;70,20;;;;;;
770,00;108,44;70,44;;;;;;
771,00;108,44;70,44;;;;;;
772,00;107,45;69,90;;;;;;
773,00;107,39;69,87;;;;;;
774,00;107,98;70,18;;;;;;
775,00;108,00;70,20;;;;;;
776,00;108,00;70,20;;;;;;
777,00;108,00;70,20;;;;;;
778,00;108,00;70,20;;;;;;
779,00;108,71;70,59;;;;;;
780,00;108,03;70,22;;;;;;
781,00;108,00;70,20;;;;;;
782,00;108,00;70,20;;;;;;
783,00;108,00;70,20;;;;;;
784,00;108,82;70,64;;;;;;
785,00;108,76;70,61;;;;;;
786,00;108,80;70,63;;;;;;
787,00;108,84;70,66;;;;;;
788,00;108,88;70,68;;;;;;
789,00;108,01;70,20;;;;;;
790,00;107,97;70,18;;;;;;
791,00;107,96;70,18;;;;;;
792,00;108,80;70,63;;;;;;
793,00;108,78;70,62;;;;;;
794,00;109,65;71,10;;;;;;
795,00;110,56;71,59;;;;;;
796,00;109,57;71,05;;;;;;
797,00;109,43;70,98;;;;;;
798,00;109,34;70,93;;;;;;
799,00;109,43;70,98;;;;;;
800,00;110,13;71,36;;;;;;
801,00;110,07;71,33;;;;;;
802,00;109,98;71,28;;;;;;
803,00;109,90;71,23;;;;;;
804,00;110,09;71,34;;;;;;
805,00;110,04;71,31;;;;;;
806,00;109,97;71,27;;;;;;
807,00;109,90;71,23;;;;;;
808,00;109,47;71,00;;;;;;
809,00;109,36;70,94;;;;;;
810,00;108,73;70,60;;;;;;
811,00;108,64;70,54;;;;;;
812,00;107,17;69,74;;;;;;
813,00;106,53;69,40;;;;;;
814,00;106,64;69,46;;;;;;
815,00;107,64;70,00;;;;;;
816,00;107,43;69,89;;;;;;
817,00;107,26;69,79;;;;;;
818,00;107,84;70,11;;;;;;
819,00;108,38;70,41;;;;;;
820,00;108,41;70,42;;;;;;
821,00;108,50;70,47;;;;;;
822,00;108,65;70,55;;;;;;
823,00;108,60;70,52;;;;;;
824,00;109,04;70,76;;;;;;
825,00;108,69;70,58;;;;;;
826,00;107,34;69,84;;;;;;
827,00;106,38;69,32;;;;;;
828,00;106,90;69,60;;;;;;
829,00;107,15;69,73;;;;;;
830,00;106,20;69,22;;;;;;
831,00;105,48;68,82;;;;;;
832,00;105,09;68,61;;;;;;
833,00;103,58;67,79;;;;;;
834,00;102,89;67,41;;;;;;
835,00;102,95;67,45;;;;;;
836,00;102,12;67,00;;;;;;
837,00;101,05;66,42;;;;;;
838,00;100,58;66,16;;;;;;
839,00;101,12;66,45;;;;;;
840,00;100,00;65,84;;;;;;
841,00;99,00;65,30;;;;;;
842,00;100,10;65,89;;;;;;
843,00;100,83;66,29;;;;;;
844,00;100,85;66,30;;;;;;
845,00;99,89;65,78;;;;;;
846,00;98,85;65,21;;;;;;
847,00;97,76;64,62;;;;;;
848,00;97,92;64,71;;;;;;
849,00;97,00;64,21;;;;;;
850,00;97,00;64,21;;;;;;
851,00;97,00;64,21;;;;;;
852,00;97,08;64,25;;;;;;
853,00;98,00;64,75;;;;;;
854,00;98,16;64,84;;;;;;
855,00;99,88;65,78;;;;;;
856,00;98,75;65,16;;;;;;
857,00;97,52;64,49;;;;;;
858,00;97,93;64,71;;;;;;
859,00;98,51;65,03;;;;;;
860,00;98,27;64,90;;;;;;
861,00;98,40;64,97;;;;;;
862,00;98,70;65,14;;;;;;
863,00;99,19;65,40;;;;;;
864,00;99,57;65,61;;;;;;
865,00;100,50;66,11;;;;;;
866,00;101,14;66,46;;;;;;
867,00;101,43;66,62;;;;;;
868,00;102,17;67,03;;;;;;
869,00;103,35;67,66;;;;;;
870,00;103,82;67,92;;;;;;
871,00;104,84;68,48;;;;;;
872,00;105,62;68,90;;;;;;
873,00;105,36;68,76;;;;;;
874,00;105,50;68,84;;;;;;
875,00;106,18;69,21;;;;;;
876,00;106,54;69,40;;;;;;
877,00;105,94;69,08;;;;;;
878,00;105,36;68,76;;;;;;
879,00;105,00;68,56;;;;;;
880,00;103,98;68,01;;;;;;
881,00;104,02;68,03;;;;;;
882,00;103,15;67,55;;;;;;
883,00;103,77;67,89;;;;;;
884,00;104,27;68,17;;;;;;
885,00;104,39;68,23;;;;;;
886,00;104,75;68,43;;;;;;
887,00;105,01;68,57;;;;;;
888,00;105,10;68,62;;;;;;
889,00;104,10;68,08;;;;;;
890,00;104,05;68,05;;;;;;
891,00;104,05;68,05;;;;;;
892,00;105,04;68,58;;;;;;
893,00;105,14;68,64;;;;;;
894,00;105,31;68,73;;;;;;
895,00;105,41;68,79;;;;;;
896,00;105,51;68,84;;;;;;
897,00;105,61;68,90;;;;;;
898,00;105,71;68,95;;;;;;
899,00;105,81;69,01;;;;;;
900,00;105,93;69,07;;;;;;
901,00;106,38;69,32;;;;;;
902,00;107,11;69,72;;;;;;
903,00;107,21;69,77;;;;;;
904,00;107,27;69,80;;;;;;
905,00;106,42;69,33;;;;;;
906,00;106,54;69,40;;;;;;
907,00;107,16;69,74;;;;;;
908,00;107,29;69,81;;;;;;
909,00;107,42;69,88;;;;;;
910,00;107,56;69,96;;;;;;
911,00;107,69;70,03;;;;;;
912,00;107,82;70,10;;;;;;
913,00;107,70;70,04;;;;;;
914,00;107,90;70,14;;;;;;
915,00;108,85;70,66;;;;;;
916,00;109,24;70,87;;;;;;
917,00;110,25;71,42;;;;;;
918,00;110,45;71,53;;;;;;
919,00;110,74;71,69;;;;;;
920,00;111,82;72,28;;;;;;
921,00;111,01;71,84;;;;;;
922,00;111,04;71,86;;;;;;
923,00;111,15;71,91;;;;;;
924,00;111,22;71,95;;;;;;
925,00;111,29;71,99;;;;;;
926,00;111,56;72,13;;;;;;
927,00;112,42;72,61;;;;;;
928,00;112,44;72,61;;;;;;
929,00;110,83;71,74;;;;;;
930,00;110,93;71,80;;;;;;
931,00;111,03;71,85;;;;;;
932,00;111,13;71,90;;;;;;
933,00;111,24;71,96;;;;;;
934,00;111,34;72,01;;;;;;
935,00;111,44;72,07;;;;;;
936,00;111,53;72,12;;;;;;
937,00;111,18;71,93;;;;;;
938,00;111,32;72,00;;;;;;
939,00;111,44;72,07;;;;;;
940,00;110,93;71,79;;;;;;
941,00;110,72;71,68;;;;;;
942,00;110,86;71,75;;;;;;
943,00;110,99;71,83;;;;;;
944,00;111,12;71,90;;;;;;
945,00;111,07;71,87;;;;;;
946,00;111,24;71,96;;;;;;
947,00;111,41;72,05;;;;;;
948,00;111,58;72,15;;;;;;
949,00;111,75;72,24;;;;;;
950,00;111,91;72,33;;;;;;
951,00;112,02;72,38;;;;;;
952,00;112,04;72,40;;;;;;
953,00;111,17;71,92;;;;;;
954,00;111,23;71,96;;;;;;
955,00;111,30;71,99;;;;;;
956,00;111,18;71,93;;;;;;
957,00;111,22;71,95;;;;;;
958,00;111,24;71,96;;;;;;
959,00;110,57;71,60;;;;;;
960,00;110,64;71,63;;;;;;
961,00;110,70;71,67;;;;;;
962,00;110,77;71,71;;;;;;
963,00;110,84;71,74;;;;;;
964,00;110,90;71,78;;;;;;
965,00;110,45;71,53;;;;;;
966,00;110,04;71,31;;;;;;
967,00;110,11;71,34;;;;;;
968,00;110,18;71,38;;;;;;
969,00;110,86;71,76;;;;;;
970,00;110,96;71,81;;;;;;
971,00;111,06;71,87;;;;;;
972,00;111,16;71,92;;;;;;
973,00;111,26;71,98;;;;;;
974,00;111,37;72,03;;;;;;
975,00;111,47;72,08;;;;;;
976,00;111,56;72,14;;;;;;
977,00;110,56;71,59;;;;;;
978,00;110,69;71,66;;;;;;
979,00;110,82;71,74;;;;;;
980,00;110,96;71,81;;;;;;
981,00;111,07;71,87;;;;;;
982,00;111,17;71,92;;;;;;
983,00;111,27;71,98;;;;;;
984,00;111,37;72,03;;;;;;
985,00;113,00;72,92;;;;;;
986,00;113,00;72,92;;;;;;
987,00;113,22;73,04;;;;;;
988,00;113,26;73,06;;;;;;
989,00;113,58;73,24;;;;;;
990,00;113,65;73,28;;;;;;
991,00;114,08;73,51;;;;;;
992,00;114,18;73,56;;;;;;
993,00;113,14;73,00;;;;;;
994,00;113,30;73,08;;;;;;
995,00;113,47;73,17;;;;;;
996,00;113,63;73,27;;;;;;
997,00;113,80;73,36;;;;;;
998,00;113,97;73,45;;;;;;
999,00;114,76;73,88;;;;;;
1000,00;114,97;73,99;;;;;;
1001,00;113,80;73,35;;;;;;
1002,00;113,91;73,42;;;;;;
1003,00;113,81;73,36;;;;;;
1004,00;113,98;73,45;;;;;;
1005,00;113,98;73,45;;;;;;
1006,00;114,18;73,56;;;;;;
1007,00;114,38;73,67;;;;;;
1008,00;114,51;73,74;;;;;;
1009,00;111,94;72,34;;;;;;
1010,00;112,97;72,90;;;;;;
1011,00;113,09;72,97;;;;;;
1012,00;113,26;73,06;;;;;;
1013,00;113,39;73,13;;;;;;
1014,00;113,53;73,21;;;;;;
1015,00;113,66;73,28;;;;;;
1016,00;113,79;73,35;;;;;;
1017,00;112,95;72,89;;;;;;
1018,00;113,06;72,95;;;;;;
1019,00;113,20;73,03;;;;;;
1020,00;113,33;73,10;;;;;;
1021,00;113,47;73,17;;;;;;
1022,00;113,60;73,25;;;;;;
1023,00;113,73;73,32;;;;;;
1024,00;113,87;73,39;;;;;;
1025,00;114,00;73,47;;;;;;
1026,00;114,14;73,54;;;;;;
1027,00;113,85;73,38;;;;;;
1028,00;114,01;73,47;;;;;;
1029,00;113,56;73,22;;;;;;
1030,00;113,35;73,11;;;;;;
1031,00;113,51;73,20;;;;;;
1032,00;113,68;73,29;;;;;;
1033,00;114,59;73,79;;;;;;
1034,00;114,82;73,91;;;;;;
1035,00;114,21;73,58;;;;;;
1036,00;114,35;73,66;;;;;;
1037,00;114,42;73,70;;;;;;
1038,00;113,72;73,31;;;;;;
1039,00;113,85;73,38;;;;;;
1040,00;114,01;73,47;;;;;;
1041,00;114,15;73,55;;;;;;
1042,00;114,29;73,62;;;;;;
1043,00;114,32;73,64;;;;;;
1044,00;114,42;73,69;;;;;;
1045,00;113,72;73,31;;;;;;
1046,00;113,82;73,37;;;;;;
1047,00;113,96;73,44;;;;;;
1048,00;114,09;73,51;;;;;;
1049,00;113,56;73,22;;;;;;
1050,00;113,70;73,30;;;;;;
1051,00;113,87;73,39;;;;;;
1052,00;114,03;73,48;;;;;;
1053,00;114,20;73,58;;;;;;
1054,00;114,37;73,67;;;;;;
1055,00;114,54;73,76;;;;;;
1056,00;114,71;73,85;;;;;;
1057,00;114,87;73,94;;;;;;
1058,00;115,04;74,03;;;;;;
1059,00;115,21;74,12;;;;;;
1060,00;114,42;73,70;;;;;;
1061,00;114,27;73,61;;;;;;
1062,00;113,75;73,33;;;;;;
1063,00;113,67;73,28;;;;;;
1064,00;113,86;73,39;;;;;;
1065,00;114,21;73,58;;;;;;
1066,00;114,39;73,68;;;;;;
1067,00;114,47;73,72;;;;;;
1068,00;114,66;73,83;;;;;;
1069,00;113,94;73,43;;;;;;
1070,00;114,01;73,47;;;;;;
1071,00;114,05;73,49;;;;;;
1072,00;114,08;73,51;;;;;;
1073,00;113,27;73,07;;;;;;
1074,00;113,29;73,08;;;;;;
1075,00;113,36;73,12;;;;;;
1076,00;113,43;73,15;;;;;;
1077,00;113,49;73,19;;;;;;
1078,00;113,56;73,23;;;;;;
1079,00;112,98;72,91;;;;;;
1080,00;112,71;72,77;;;;;;
1081,00;113,12;72,99;;;;;;
1082,00;112,30;72,54;;;;;;
1083,00;111,92;72,33;;;;;;
1084,00;110,53;71,58;;;;;;
1085,00;109,87;71,22;;;;;;
1086,00;110,50;71,56;;;;;;
1087,00;111,23;71,95;;;;;;
1088,00;112,73;72,77;;;;;;
1089,00;112,21;72,49;;;;;;
1090,00;111,45;72,07;;;;;;
1091,00;111,89;72,32;;;;;;
1092,00;112,11;72,43;;;;;;
1093,00;112,62;72,72;;;;;;
1094,00;111,34;72,02;;;;;;
1095,00;110,85;71,75;;;;;;
1096,00;111,14;71,91;;;;;;
1097,00;112,77;72,79;;;;;;
1098,00;112,78;72,80;;;;;;
1099,00;113,47;73,18;;;;;;
1100,00;114,45;73,71;;;;;;
1101,00;115,00;74,01;;;;;;
1102,00;113,87;73,40;;;;;;
1103,00;113,57;73,23;;;;;;
1104,00;113,22;73,04;;;;;;
1105,00;112,86;72,84;;;;;;
1106,00;111,65;72,18;;;;;;
1107,00;111,83;72,28;;;;;;
1108,00;111,69;72,21;;;;;;
1109,00;112,51;72,65;;;;;;
1110,00;112,32;72,55;;;;;;
1111,00;112,79;72,81;;;;;;
1112,00;111,60;72,16;;;;;;
1113,00;109,81;71,18;;;;;;
1114,00;108,88;70,68;;;;;;
1115,00;109,30;70,91;;;;;;
1116,00;110,40;71,50;;;;;;
1117,00;110,88;71,77;;;;;;
1118,00;110,81;71,73;;;;;;
1119,00;109,70;71,12;;;;;;
1120,00;108,38;70,40;;;;;;
1121,00;107,90;70,14;;;;;;
1122,00;109,31;70,91;;;;;;
1123,00;110,19;71,39;;;;;;
1124,00;111,20;71,94;;;;;;
1125,00;111,76;72,25;;;;;;
1126,00;112,00;72,38;;;;;;
1127,00;111,17;71,92;;;;;;
1128,00;110,35;71,48;;;;;;
1129,00;111,00;71,83;;;;;;
1130,00;112,30;72,54;;;;;;
1131,00;113,25;73,06;;;;;;
1132,00;113,87;73,40;;;;;;
1133,00;112,92;72,88;;;;;;
1134,00;111,77;72,25;;;;;;
1135,00;110,12;71,35;;;;;;
1136,00;109,66;71,10;;;;;;
1137,00;109,94;71,25;;;;;;
1138,00;110,90;71,78;;;;;;
1139,00;111,00;71,83;;;;;;
1140,00;109,37;70,94;;;;;;
1141,00;108,47;70,46;;;;;;
1142,00;108,16;70,29;;;;;;
1143,00;108,91;70,69;;;;;;
1144,00;110,86;71,76;;;;;;
1145,00;111,96;72,35;;;;;;
1146,00;112,39;72,59;;;;;;
1147,00;110,98;71,82;;;;;;
1148,00;111,33;72,01;;;;;;
1149,00;111,52;72,12;;;;;;
1150,00;111,38;72,04;;;;;;
1151,00;112,10;72,43;;;;;;
1152,00;112,94;72,89;;;;;;
1153,00;111,99;72,37;;;;;;
1154,00;110,88;71,77;;;;;;
1155,00;111,36;72,03;;;;;;
1156,00;111,17;71,92;;;;;;
1157,00;110,70;71,67;;;;;;
1158,00;110,11;71,34;;;;;;
1159,00;109,99;71,28;;;;;;
1160,00;109,39;70,95;;;;;;
1161,00;108,53;70,49;;;;;;
1162,00;108,33;70,38;;;;;;
1163,00;108,80;70,63;;;;;;
1164,00;109,34;70,93;;;;;;
1165,00;109,08;70,79;;;;;;
1166,00;109,01;70,75;;;;;;
1167,00;108,80;70,63;;;;;;
1168,00;107,82;70,10;;;;;;
1169,00;107,29;69,81;;;;;;
1170,00;108,00;70,20;;;;;;
1171,00;108,00;70,20;;;;;;
1172,00;108,00;70,20;;;;;;
1173,00;107,80;70,09;;;;;;
1174,00;106,86;69,58;;;;;;
1175,00;106,26;69,25;;;;;;
1176,00;106,07;69,15;;;;;;
1177,00;106,40;69,32;;;;;;
1178,00;106,43;69,34;;;;;;
1179,00;106,47;69,36;;;;;;
1180,00;106,50;69,38;;;;;;
1181,00;106,54;69,40;;;;;;
1182,00;106,57;69,42;;;;;;
1183,00;106,61;69,44;;;;;;
1184,00;106,76;69,52;;;;;;
1185,00;107,35;69,85;;;;;;
1186,00;107,42;69,88;;;;;;
1187,00;107,49;69,92;;;;;;
1188,00;107,38;69,86;;;;;;
1189,00;106,64;69,45;;;;;;
1190,00;106,71;69,49;;;;;;
1191,00;106,78;69,53;;;;;;
1192,00;107,03;69,67;;;;;;
1193,00;107,92;70,15;;;;;;
1194,00;107,99;70,19;;;;;;
1195,00;108,00;70,20;;;;;;
1196,00;108,00;70,20;;;;;;
1197,00;108,00;70,20;;;;;;
1198,00;108,00;70,20;;;;;;
1199,00;108,00;70,20;;;;;;
1200,00;108,04;70,22;;;;;;
1201,00;108,38;70,40;;;;;;
1202,00;109,00;70,74;;;;;;
1203,00;109,06;70,77;;;;;;
1204,00;109,35;70,93;;;;;;
1205,00;109,49;71,01;;;;;;
1206,00;110,07;71,33;;;;;;
1207,00;110,45;71,53;;;;;;
1208,00;110,31;71,46;;;;;;
1209,00;109,52;71,03;;;;;;
1210,00;109,56;71,05;;;;;;
1211,00;109,66;71,10;;;;;;
1212,00;110,11;71,35;;;;;;
1213,00;110,66;71,65;;;;;;
1214,00;110,70;71,67;;;;;;
1215,00;110,73;71,69;;;;;;
1216,00;110,60;71,61;;;;;;
1217,00;109,80;71,18;;;;;;
1218,00;109,84;71,20;;;;;;
1219,00;110,02;71,30;;;;;;
1220,00;110,82;71,73;;;;;;
1221,00;110,89;71,77;;;;;;
1222,00;110,96;71,81;;;;;;
1223,00;110,98;71,82;;;;;;
1224,00;110,79;71,72;;;;;;
1225,00;110,00;71,29;;;;;;
1226,00;110,00;71,29;;;;;;
1227,00;110,00;71,29;;;;;;
1228,00;110,00;71,29;;;;;;
1229,00;110,16;71,37;;;;;;
1230,00;111,00;71,83;;;;;;
1231,00;111,00;71,83;;;;;;
1232,00;111,00;71,83;;;;;;
1233,00;111,00;71,83;;;;;;
1234,00;110,94;71,80;;;;;;
1235,00;110,47;71,54;;;;;;
1236,00;110,00;71,29;;;;;;
1237,00;109,84;71,20;;;;;;
1238,00;109,00;70,74;;;;;;
1239,00;108,94;70,71;;;;;;
1240,00;108,67;70,57;;;;;;
1241,00;109,00;70,74;;;;;;
1242,00;109,00;70,74;;;;;;
1243,00;109,00;70,74;;;;;;
1244,00;109,00;70,74;;;;;;
1245,00;109,00;70,74;;;;;;
1246,00;109,00;70,74;;;;;;
1247,00;108,98;70,73;;;;;;
1248,00;108,75;70,61;;;;;;
1249,00;107,93;70,16;;;;;;
1250,00;108,11;70,26;;;;;;
1251,00;109,00;70,74;;;;;;
1252,00;108,96;70,72;;;;;;
1253,00;108,93;70,70;;;;;;
1254,00;109,02;70,75;;;;;;
1255,00;109,71;71,13;;;;;;
1256,00;109,38;70,95;;;;;;
1257,00;107,67;70,02;;;;;;
1258,00;107,00;69,65;;;;;;
1259,00;107,00;69,65;;;;;;
1260,00;107,00;69,65;;;;;;
1261,00;107,00;69,65;;;;;;
1262,00;107,00;69,65;;;;;;
1263,00;107,00;69,65;;;;;;
1264,00;107,28;69,80;;;;;;
1265,00;109,00;70,74;;;;;;
1266,00;108,93;70,70;;;;;;
1267,00;108,37;70,40;;;;;;
1268,00;108,00;70,20;;;;;;
1269,00;108,00;70,20;;;;;;
1270,00;107,96;70,17;;;;;;
1271,00;107,71;70,04;;;;;;
1272,00;107,91;70,15;;;;;;
1273,00;109,00;70,74;;;;;;
1274,00;109,00;70,74;;;;;;
1275,00;109,00;70,74;;;;;;
1276,00;109,00;70,74;;;;;;
1277,00;108,99;70,74;;;;;;
1278,00;108,95;70,72;;;;;;
1279,00;108,99;70,74;;;;;;
1280,00;109,08;70,79;;;;;;
1281,00;109,88;71,22;;;;;;
1282,00;109,81;71,18;;;;;;
1283,00;109,63;71,09;;;;;;
1284,00;108,83;70,65;;;;;;
1285,00;108,80;70,63;;;;;;
1286,00;108,76;70,61;;;;;;
1287,00;108,73;70,60;;;;;;
1288,00;108,77;70,62;;;;;;
1289,00;109,34;70,93;;;;;;
1290,00;109,38;70,95;;;;;;
1291,00;109,41;70,97;;;;;;
1292,00;109,45;70,99;;;;;;
1293,00;109,48;71,01;;;;;;
1294,00;109,52;71,02;;;;;;
1295,00;109,55;71,04;;;;;;
1296,00;109,54;71,04;;;;;;
1297,00;109,17;70,84;;;;;;
1298,00;108,66;70,56;;;;;;
1299,00;108,69;70,58;;;;;;
1300,00;108,70;70,58;;;;;;
1301,00;108,53;70,49;;;;;;
1302,00;108,60;70,52;;;;;;
1303,00;108,58;70,51;;;;;;
1304,00;107,86;70,12;;;;;;
1305,00;107,81;70,10;;;;;;
1306,00;107,88;70,13;;;;;;
1307,00;107,84;70,11;;;;;;
1308,00;106,99;69,65;;;;;;
1309,00;106,95;69,63;;;;;;
1310,00;106,92;69,61;;;;;;
1311,00;106,88;69,59;;;;;;
1312,00;106,85;69,57;;;;;;
1313,00;106,81;69,55;;;;;;
1314,00;106,78;69,53;;;;;;
1315,00;106,66;69,47;;;;;;
1316,00;106,00;69,11;;;;;;
1317,00;106,00;69,11;;;;;;
1318,00;106,00;69,11;;;;;;
1319,00;106,00;69,11;;;;;;
1320,00;106,00;69,11;;;;;;
1321,00;106,00;69,11;;;;;;
1322,00;106,00;69,11;;;;;;
1323,00;105,95;69,08;;;;;;
1324,00;105,52;68,85;;;;;;
1325,00;105,00;68,56;;;;;;
1326,00;105,00;68,56;;;;;;
1327,00;105,00;68,56;;;;;;
1328,00;105,07;68,60;;;;;;
1329,00;105,75;68,97;;;;;;
1330,00;105,79;68,99;;;;;;
1331,00;105,81;69,00;;;;;;
1332,00;105,63;68,91;;;;;;
1333,00;104,89;68,51;;;;;;
1334,00;104,92;68,52;;;;;;
1335,00;104,93;68,52;;;;;;
1336,00;105,00;68,56;;;;;;
1337,00;104,97;68,55;;;;;;
1338,00;104,93;68,53;;;;;;
1339,00;104,90;68,51;;;;;;
1340,00;104,86;68,49;;;;;;
1341,00;104,84;68,48;;;;;;
1342,00;105,00;68,56;;;;;;
1343,00;105,00;68,56;;;;;;
1344,00;105,06;68,60;;;;;;
1345,00;105,69;68,94;;;;;;
1346,00;105,65;68,92;;;;;;
1347,00;105,65;68,92;;;;;;
1348,00;106,00;69,11;;;;;;
1349,00;106,00;69,11;;;;;;
1350,00;106,00;69,11;;;;;;
1351,00;106,00;69,11;;;;;;
1352,00;105,88;69,04;;;;;;
1353,00;104,60;68,34;;;;;;
1354,00;104,63;68,36;;;;;;
1355,00;104,67;68,38;;;;;;
1356,00;104,65;68,37;;;;;;
1357,00;103,98;68,01;;;;;;
1358,00;103,77;67,90;;;;;;
1359,00;103,81;67,92;;;;;;
1360,00;103,92;67,98;;;;;;
1361,00;104,88;68,50;;;;;;
1362,00;104,84;68,48;;;;;;
1363,00;103,88;67,95;;;;;;
1364,00;102,92;67,43;;;;;;
1365,00;102,16;67,02;;;;;;
1366,00;102,11;66,99;;;;;;
1367,00;102,72;67,32;;;;;;
1368,00;102,97;67,46;;;;;;
1369,00;100,23;65,97;;;;;;
1370,00;100,61;66,18;;;;;;
1371,00;101,40;66,61;;;;;;
1372,00;102,38;67,14;;;;;;
1373,00;102,59;67,25;;;;;;
1374,00;101,77;66,80;;;;;;
1375,00;100,80;66,27;;;;;;
1376,00;101,78;66,81;;;;;;
1377,00;103,85;67,94;;;;;;
1378,00;100,36;66,04;;;;;;
1379,00;100,99;66,38;;;;;;
1380,00;100,83;66,30;;;;;;
1381,00;100,52;66,13;;;;;;
1382,00;99,34;65,48;;;;;;
1383,00;99,54;65,59;;;;;;
1384,00;100,68;66,21;;;;;;
1385,00;101,87;66,86;;;;;;
1386,00;102,89;67,42;;;;;;
1387,00;101,13;66,46;;;;;;
1388,00;100,98;66,38;;;;;;
1389,00;101,23;66,51;;;;;;
1390,00;100,16;65,93;;;;;;
1391,00;98,66;65,11;;;;;;
1392,00;97,15;64,29;;;;;;
1393,00;96,98;64,20;;;;;;
1394,00;97,41;64,43;;;;;;
1395,00;98,38;64,96;;;;;;
1396,00;98,79;65,18;;;;;;
1397,00;98,74;65,16;;;;;;
1398,00;98,51;65,03;;;;;;
1399,00;98,64;65,10;;;;;;
1400,00;98,77;65,17;;;;;;
1401,00;98,90;65,24;;;;;;
1402,00;98,80;65,19;;;;;;
1403,00;98,35;64,94;;;;;;
1404,00;98,82;65,20;;;;;;
1405,00;99,43;65,53;;;;;;
1406,00;98,12;64,82;;;;;;
1407,00;97,42;64,44;;;;;;
1408,00;96,88;64,14;;;;;;
1409,00;97,07;64,25;;;;;;
1410,00;96,35;63,86;;;;;;
1411,00;97,10;64,26;;;;;;
1412,00;97,95;64,73;;;;;;
1413,00;97,27;64,35;;;;;;
1414,00;96,44;63,90;;;;;;
1415,00;96,51;63,94;;;;;;
1416,00;96,82;64,11;;;;;;
1417,00;97,38;64,41;;;;;;
1418,00;98,01;64,76;;;;;;
1419,00;96,63;64,01;;;;;;
1420,00;96,00;63,67;;;;;;
1421,00;96,35;63,85;;;;;;
1422,00;97,16;64,29;;;;;;
1423,00;98,27;64,90;;;;;;
1424,00;97,86;64,68;;;;;;
1425,00;97,98;64,74;;;;;;
1426,00;97,69;64,59;;;;;;
1427,00;98,12;64,82;;;;;;
1428,00;98,33;64,93;;;;;;
1429,00;98,86;65,22;;;;;;
1430,00;98,63;65,10;;;;;;
1431,00;99,27;65,44;;;;;;
1432,00;100,27;65,99;;;;;;
1433,00;100,21;65,95;;;;;;
1434,00;99,74;65,70;;;;;;
1435,00;100,14;65,92;;;;;;
1436,00;100,66;66,20;;;;;;
1437,00;100,63;66,19;;;;;;
1438,00;100,51;66,12;;;;;;
1439,00;100,55;66,14;;;;;;
1440,00;101,22;66,51;;;;;;
1441,00;101,62;66,72;;;;;;
1442,00;101,79;66,82;;;;;;
1443,00;102,00;66,93;;;;;;
1444,00;101,98;66,92;;;;;;
1445,00;102,00;66,93;;;;;;
1446,00;102,07;66,97;;;;;;
1447,00;102,16;67,02;;;;;;
1448,00;102,19;67,04;;;;;;
1449,00;101,61;66,72;;;;;;
1450,00;101,27;66,53;;;;;;
1451,00;101,31;66,55;;;;;;
1452,00;101,35;66,58;;;;;;
1453,00;101,39;66,60;;;;;;
1454,00;101,42;66,62;;;;;;
1455,00;101,46;66,64;;;;;;
1456,00;101,50;66,66;;;;;;
1457,00;100,97;66,37;;;;;;
1458,00;100,73;66,24;;;;;;
1459,00;100,84;66,30;;;;;;
1460,00;100,96;66,36;;;;;;
1461,00;101,07;66,43;;;;;;
1462,00;101,19;66,49;;;;;;
1463,00;101,30;66,55;;;;;;
1464,00;101,42;66,61;;;;;;
1465,00;102,05;66,96;;;;;;
1466,00;102,53;67,22;;;;;;
1467,00;102,68;67,30;;;;;;
1468,00;102,83;67,38;;;;;;
1469,00;102,99;67,47;;;;;;
1470,00;103,04;67,49;;;;;;
1471,00;103,07;67,52;;;;;;
1472,00;103,11;67,54;;;;;;
1473,00;103,15;67,56;;;;;;
1474,00;103,19;67,58;;;;;;
1475,00;102,76;67,34;;;;;;
1476,00;102,37;67,13;;;;;;
1477,00;101,88;66,87;;;;;;
1478,00;101,48;66,65;;;;;;
1479,00;101,01;66,39;;;;;;
1480,00;100,59;66,16;;;;;;
1481,00;101,33;66,56;;;;;;
1482,00;101,69;66,76;;;;;;
1483,00;101,53;66,68;;;;;;
1484,00;101,31;66,56;;;;;;
1485,00;101,22;66,50;;;;;;
1486,00;100,91;66,34;;;;;;
1487,00;100,68;66,21;;;;;;
1488,00;100,72;66,24;;;;;;
1489,00;100,62;66,18;;;;;;
1490,00;100,60;66,17;;;;;;
1491,00;100,68;66,21;;;;;;
1492,00;100,75;66,25;;;;;;
1493,00;100,83;66,29;;;;;;
1494,00;101,46;66,64;;;;;;
1495,00;101,97;66,91;;;;;;
1496,00;102,03;66,95;;;;;;
1497,00;101,52;66,67;;;;;;
1498,00;101,21;66,50;;;;;;
1499,00;101,29;66,54;;;;;;
1500,00;101,36;66,58;;;;;;
1501,00;100,86;66,31;;;;;;
1502,00;100,52;66,12;;;;;;
1503,00;100,59;66,16;;;;;;
1504,00;100,67;66,21;;;;;;
1505,00;100,74;66,25;;;;;;
1506,00;100,48;66,10;;;;;;
1507,00;100,35;66,03;;;;;;
1508,00;100,46;66,09;;;;;;
1509,00;100,30;66,01;;;;;;
1510,00;100,25;65,98;;;;;;
1511,00;100,41;66,06;;;;;;
1512,00;100,35;66,03;;;;;;
1513,00;100,94;66,36;;;;;;
1514,00;101,43;66,62;;;;;;
1515,00;101,51;66,66;;;;;;
1516,00;101,59;66,70;;;;;;
1517,00;101,66;66,75;;;;;;
1518,00;101,74;66,79;;;;;;
1519,00;101,81;66,83;;;;;;
1520,00;101,89;66,87;;;;;;
1521,00;102,52;67,21;;;;;;
1522,00;103,02;67,49;;;;;;
1523,00;103,06;67,51;;;;;;
1524,00;103,10;67,53;;;;;;
1525,00;103,06;67,51;;;;;;
1526,00;102,53;67,22;;;;;;
1527,00;102,21;67,05;;;;;;
1528,00;102,25;67,07;;;;;;
1529,00;101,89;66,87;;;;;;
1530,00;101,66;66,74;;;;;;
1531,00;101,73;66,78;;;;;;
1532,00;101,58;66,70;;;;;;
1533,00;101,13;66,46;;;;;;
1534,00;100,96;66,36;;;;;;
1535,00;100,75;66,25;;;;;;
1536,00;100,31;66,01;;;;;;
1537,00;99,96;65,82;;;;;;
1538,00;99,90;65,79;;;;;;
1539,00;100,01;65,85;;;;;;
1540,00;99,97;65,82;;;;;;
1541,00;99,99;65,84;;;;;;
1542,00;100,14;65,92;;;;;;
1543,00;100,30;66,00;;;;;;
1544,00;100,45;66,09;;;;;;
1545,00;100,05;65,87;;;;;;
1546,00;99,76;65,71;;;;;;
1547,00;99,91;65,79;;;;;;
1548,00;100,03;65,86;;;;;;
1549,00;100,11;65,90;;;;;;
1550,00;100,18;65,94;;;;;;
1551,00;100,26;65,98;;;;;;
1552,00;100,34;66,02;;;;;;
1553,00;99,98;65,83;;;;;;
1554,00;99,73;65,70;;;;;;
1555,00;99,85;65,76;;;;;;
1556,00;99,96;65,82;;;;;;
1557,00;100,08;65,88;;;;;;
1558,00;100,19;65,95;;;;;;
1559,00;100,31;66,01;;;;;;
1560,00;100,42;66,07;;;;;;
1561,00;100,27;65,99;;;;;;
1562,00;100,20;65,95;;;;;;
1563,00;100,35;66,03;;;;;;
1564,00;100,17;65,93;;;;;;
1565,00;99,81;65,74;;;;;;
1566,00;99,81;65,74;;;;;;
1567,00;99,96;65,82;;;;;;
1568,00;100,12;65,91;;;;;;
1569,00;100,80;66,28;;;;;;
1570,00;101,42;66,62;;;;;;
1571,00;101,04;66,41;;;;;;
1572,00;100,73;66,24;;;;;;
1573,00;100,88;66,32;;;;;;
1574,00;101,01;66,39;;;;;;
1575,00;101,05;66,41;;;;;;
1576,00;101,09;66,43;;;;;;
1577,00;101,19;66,49;;;;;;
1578,00;101,32;66,56;;;;;;
1579,00;101,29;66,55;;;;;;
1580,00;101,24;66,52;;;;;;
1581,00;101,28;66,54;;;;;;
1582,00;100,96;66,36;;;;;;
1583,00;100,52;66,12;;;;;;
1584,00;100,39;66,05;;;;;;
1585,00;100,65;66,20;;;;;;
1586,00;100,93;66,35;;;;;;
1587,00;101,01;66,39;;;;;;
1588,00;100,85;66,30;;;;;;
1589,00;100,75;66,25;;;;;;
1590,00;100,54;66,13;;;;;;
1591,00;100,32;66,01;;;;;;
1592,00;100,39;66,06;;;;;;
1593,00;100,98;66,38;;;;;;
1594,00;101,55;66,68;;;;;;
1595,00;102,04;66,95;;;;;;
1596,00;102,55;67,23;;;;;;
1597,00;102,66;67,29;;;;;;
1598,00;102,78;67,35;;;;;;
1599,00;102,89;67,42;;;;;;
1600,00;103,00;67,48;;;;;;
1601,00;103,51;67,75;;;;;;
1602,00;104,04;68,04;;;;;;
1603,00;104,12;68,08;;;;;;
1604,00;104,58;68,34;;;;;;
1605,00;105,00;68,56;;;;;;
1606,00;105,12;68,63;;;;;;
1607,00;105,27;68,71;;;;;;
1608,00;105,31;68,73;;;;;;
1609,00;105,35;68,75;;;;;;
1610,00;105,38;68,77;;;;;;
1611,00;105,42;68,79;;;;;;
1612,00;105,46;68,81;;;;;;
1613,00;105,25;68,70;;;;;;
1614,00;105,07;68,60;;;;;;
1615,00;105,15;68,65;;;;;;
1616,00;105,23;68,69;;;;;;
1617,00;105,80;69,00;;;;;;
1618,00;106,38;69,32;;;;;;
1619,00;106,46;69,36;;;;;;
1620,00;106,53;69,40;;;;;;
1621,00;106,61;69,44;;;;;;
1622,00;106,69;69,48;;;;;;
1623,00;106,76;69,52;;;;;;
1624,00;106,84;69,57;;;;;;
1625,00;106,89;69,60;;;;;;
1626,00;106,99;69,65;;;;;;
1627,00;107,07;69,69;;;;;;
1628,00;106,69;69,48;;;;;;
1629,00;106,33;69,29;;;;;;
1630,00;106,44;69,35;;;;;;
1631,00;106,56;69,41;;;;;;
1632,00;106,67;69,48;;;;;;
1633,00;106,66;69,47;;;;;;
1634,00;106,60;69,44;;;;;;
1635,00;106,68;69,48;;;;;;
1636,00;107,06;69,68;;;;;;
1637,00;107,42;69,88;;;;;;
1638,00;107,67;70,02;;;;;;
1639,00;107,98;70,19;;;;;;
1640,00;108,06;70,23;;;;;;
1641,00;107,18;69,75;;;;;;
1642,00;106,21;69,22;;;;;;
1643,00;106,77;69,53;;;;;;
1644,00;107,37;69,85;;;;;;
1645,00;107,44;69,89;;;;;;
1646,00;107,40;69,87;;;;;;
1647,00;107,01;69,66;;;;;;
1648,00;106,59;69,43;;;;;;
1649,00;106,15;69,19;;;;;;
1650,00;105,74;68,97;;;;;;
1651,00;105,85;69,03;;;;;;
1652,00;105,97;69,09;;;;;;
1653,00;106,03;69,12;;;;;;
1654,00;106,07;69,14;;;;;;
1655,00;106,10;69,17;;;;;;
1656,00;106,14;69,19;;;;;;
1657,00;106,56;69,42;;;;;;
1658,00;107,00;69,65;;;;;;
1659,00;107,00;69,65;;;;;;
1660,00;107,00;69,65;;;;;;
1661,00;107,16;69,74;;;;;;
1662,00;107,37;69,86;;;;;;
1663,00;107,41;69,88;;;;;;
1664,00;107,19;69,76;;;;;;
1665,00;106,28;69,26;;;;;;
1666,00;105,52;68,85;;;;;;
1667,00;105,56;68,87;;;;;;
1668,00;105,60;68,89;;;;;;
1669,00;105,18;68,66;;;;;;
1670,00;104,68;68,39;;;;;;
1671,00;104,72;68,41;;;;;;
1672,00;104,75;68,43;;;;;;
1673,00;104,79;68,45;;;;;;
1674,00;104,75;68,43;;;;;;
1675,00;104,34;68,20;;;;;;
1676,00;103,86;67,95;;;;;;
1677,00;103,89;67,96;;;;;;
1678,00;103,97;68,00;;;;;;
1679,00;104,44;68,26;;;;;;
1680,00;104,94;68,53;;;;;;
1681,00;105,36;68,76;;;;;;
1682,00;106,32;69,28;;;;;;
1683,00;106,91;69,60;;;;;;
1684,00;107,00;69,65;;;;;;
1685,00;107,00;69,65;;;;;;
1686,00;107,45;69,90;;;;;;
1687,00;108,75;70,61;;;;;;
1688,00;110,25;71,42;;;;;;
1689,00;111,45;72,07;;;;;;
1690,00;112,89;72,86;;;;;;
1691,00;115,33;74,19;;;;;;
1692,00;117,87;75,57;;;;;;
1693,00;119,39;76,40;;;;;;
1694,00;120,89;77,21;;;;;;
1695,00;123,58;78,68;;;;;;
